{"cameraMode":{"drawMode":2,"name":"Shaded Wireframe","section":"Shading Mode"},"sceneLighting":false,"audioPlay":false,"sceneViewState":{"m_AlwaysRefresh":false,"showFog":true,"showSkybox":true,"showFlares":true,"showImageEffects":true,"showParticleSystems":true,"showVisualEffectGraphs":true,"m_FxEnabled":true},"in2DMode":false,"pivot":{"x":-11.050426483154297,"y":1.5069446563720704,"z":0.16639281809329987},"rotation":{"x":0.05387332662940025,"y":0.5164491534233093,"z":-0.03257941082119942,"w":0.8540003299713135},"size":2.0974972248077394,"orthographic":true}